{
	"formatVersion": 2,
	"appVersion": "0.96.0-test-250705-024743",
	"files": [
		{
			"isClone": false,
			"noteId": "VesSnOg8mYL9",
			"notePath": [
				"VesSnOg8mYL9"
			],
			"title": "trilium-drawio",
			"notePosition": 210,
			"prefix": null,
			"isExpanded": false,
			"type": "code",
			"mime": "application/javascript;env=frontend",
			"attributes": [
				{
					"type": "label",
					"name": "widget",
					"value": "",
					"isInheritable": false,
					"position": 10
				}
			],
			"dataFileName": "trilium-drawio.js",
			"attachments": [],
			"dirFileName": "trilium-drawio",
			"children": [
				{
					"isClone": false,
					"noteId": "zq5MenCJeLFI",
					"notePath": [
						"VesSnOg8mYL9",
						"zq5MenCJeLFI"
					],
					"title": "drawio.svg",
					"notePosition": 20,
					"prefix": null,
					"isExpanded": false,
					"type": "image",
					"mime": "image/svg+xml",
					"attributes": [
						{
							"type": "label",
							"name": "originalFileName",
							"value": "drawio.svg",
							"isInheritable": false,
							"position": 10
						},
						{
							"type": "label",
							"name": "template",
							"value": "",
							"isInheritable": false,
							"position": 20
						}
					],
					"dataFileName": "drawio.svg",
					"attachments": []
				}
			]
		},
		{
			"noImport": true,
			"dataFileName": "navigation.html"
		},
		{
			"noImport": true,
			"dataFileName": "index.html"
		},
		{
			"noImport": true,
			"dataFileName": "style.css"
		}
	]
}